{"train_loss":2.2049102783203125,"epoch":0,"learning_rate":1.9442335564911315e-05,"_timestamp":1.7709190890264025e+09,"_step":100,"_runtime":63.473583096,"_wandb":{"runtime":63}}