{"epoch":0,"learning_rate":6.901787562978812e-09,"_timestamp":1.7709200927385085e+09,"_wandb":{"runtime":987},"_runtime":987.142187254,"_step":3620,"train_loss":2.0912997722625732}