{"learning_rate":2.4000000000000003e-06,"_timestamp":1.7709189038132143e+09,"_wandb":{"runtime":17},"_runtime":17.570188864,"_step":10,"train_loss":2.3712308406829834,"epoch":0}