{"_wandb":{"runtime":2930},"_runtime":2930.260557974,"epoch":2,"learning_rate":0,"_timestamp":1.7709547306479096e+09,"_step":10866,"train_loss":1.5458799600601196}